from_date,department,section,barcode,item_num,item_description,purshase_price,selling_price,quantity
19-Feb,2,52,2.133E+12,31776,CHICKEN BREAST FILLET/KG,98,108.95,5.433
19-Feb,2,57,2E+12,361939,WATER 600 ML,1.637,4,69
19-Feb,2,52,6.223E+12,337701,SHAHD SHISH TAWOOK 400GR,42,49.95,6
19-Feb,2,50,2.11093E+12,298974,BAGUETTE CHEDDAR SAND,7,9.95,1
19-Feb,2,51,2.12271E+12,30596,HALAWA CHOCOLATE,36,43.95,44.672
19-Feb,2,50,6.224E+12,464422,DATES 200GM ALMOND,19,23.95,6
19-Feb,2,51,2.1227E+12,332646,HALAWA PISTACHIO,58,69.95,19.152
19-Feb,2,50,2.11102E+12,330823,GREEK SALAD,2.997,6.95,17
19-Feb,2,56,2.17668E+12,32761,A- GINGER,49,57.95,61.246
19-Feb,2,56,2.17667E+12,32882,A- POTATO SWEET,6.75,7.95,74.203
19-Feb,2,54,2.15503E+12,486521,N.WHITE LOAF BREAD,7.75,10.95,79.871
19-Feb,2,50,2.11107E+12,137737,KOFTA GRILLED/KG,84.8,120.95,2.088
19-Feb,2,57,2E+12,357769,TEA GREEN JASMINE,1.95,7,1
19-Feb,2,57,2E+12,361976,SCHWEPPES SODA 300ML,4.46,7,1
19-Feb,2,52,2.13301E+12,31784,CHICKEN WINGS/KG,32,35.95,1.125
19-Feb,2,56,2.17651E+12,32615,A- CAPSICUM RED,16,18.95,442.501
19-Feb,2,52,2.1335E+12,426178,BEEF MINCE,84,89.95,216.871
19-Feb,2,56,6.22401E+12,32603,CABBAGE BALADY,8,11.95,22
19-Feb,2,50,2.11055E+12,389592,ABA SALTED CORN,72.336,109.95,3.471
19-Feb,2,51,2.12262E+12,344176,EMMENTAL,155,239.95,0.288
19-Feb,2,51,2.12207E+12,327042,BRAMILY CHEESE,46,46.95,261.418
19-Feb,2,54,2.15502E+12,486517,N.VIENNA MINI,1.1,1.6,700
19-Feb,2,56,2E+12,32585,ARTICHOKE,3.85,4.75,44
19-Feb,2,50,2.1105E+12,389730,BLACK LENTILS SAMO,17.963,23.95,25.618
19-Feb,2,54,2.15503E+12,486523,N.KRAFTKORN  300GR,12.25,17.95,18.822
19-Feb,2,55,2.16595E+12,299515,MUFFIN CHOCOLATE X6,13.178,26.95,34
19-Feb,2,51,2.12209E+12,345956,CHEESE BRAMILY FRESH,21.21,29.95,0.618
19-Feb,2,50,2.11006E+12,372230,RICH BEEF LUNCHEON/BLACK PEPPER,80,90.95,19.293
19-Feb,2,56,6.22401E+12,218900,ICEBERG PC,2.25,2.5,489
19-Feb,2,50,2.11102E+12,330825,GREEN SALAD,3.325,6.95,58
19-Feb,2,52,2.13301E+12,31827,CHICKEN BREAST BON IN LOSS,48,54.95,174.037
19-Feb,2,55,2E+12,484555,VANILLA BISCUITS PACKET,15.5,24.95,7
19-Feb,2,55,2.16593E+12,299512,MUFFINS ASSORTED X12,25.358,44.95,10
19-Feb,2,51,2.12271E+12,30594,HALAWA HAZELNUT,53,64.95,15.207
19-Feb,2,50,2.11046E+12,389654,GRIND CUMIN,82.463,109.95,23.337
19-Feb,2,50,6.224E+12,390600,DATES 400 GM ( FOAM PLATE),14,17.95,30
19-Feb,2,50,2.1104E+12,483567,GREEN OLIVES WITH JORDINIAN ZAATER,22.463,29.95,0.573
19-Feb,2,56,2.17664E+12,32634,A-CARROT,4.85,5.95,268.333
19-Feb,2,52,2.1332E+12,32334,BEEF SAUSAGE LOW FAT,93.84,112.95,40.561
19-Feb,2,50,2.11058E+12,389649,CRI CRI PEANUTS,48.713,64.95,12.003
19-Feb,2,51,2.1227E+12,332642,HALAWA MIXED NUTS,53,64.95,10.914
19-Feb,2,55,2.16556E+12,35490,BLACK FOREST 10 PERSONS,86.08,149.95,2
19-Feb,2,50,2.11064E+12,483106,TURKISH FIGS,111.809,169.95,8.366
19-Feb,2,54,2E+12,360332,BATON SALE PLAIN PACKET,11.319,14.95,1
19-Feb,2,52,2.1332E+12,32332,BEEF BURGER,86,104.95,31.105
19-Feb,2,52,2.13335E+12,426236,BAL LAMB LEG,130,164.95,9.059
19-Feb,2,55,2.16582E+12,442958,TRIFLE,11.27,14.95,134
19-Feb,2,50,2.11009E+12,462274,ATYAB SMOKED BEEF,154,181.95,0.018
19-Feb,2,50,2.11065E+12,483117,MEAT SPICES 1 KG,59.962,79.95,13.317
19-Feb,2,56,2E+12,43023,COCONUT,19.25,20,44
19-Feb,2,51,2.1222E+12,487176,KATILO MESH DOMYATE-KG,32.5,38.95,18.971
19-Feb,2,55,2.16595E+12,150196,PEANUT CHOCOLATE,49,79.95,4.555
19-Feb,2,54,2.15506E+12,35410,MEDIUM FINO X5,3.007,6.95,53
19-Feb,2,50,2.11007E+12,377731,ATYAB LNCHON BLACK PEPPER,86,95.95,0.272
19-Feb,2,55,2.16557E+12,119644,CHOCOLATE&FRUITS CAKE 8PERSONS,82.033,135.95,18
19-Feb,2,52,2.13311E+12,380642,CHICKEN LEG TANDOORY,43,47.95,0.534
19-Feb,2,50,2.11049E+12,389720,STONE CARNATION,224.963,299.95,3.384
19-Feb,2,56,6.224E+12,447669,MUSHROOM 200GR,16.5,21.95,247
19-Feb,2,50,2.11046E+12,389660,GRIND CINNAMON,59.963,79.95,15.468
19-Feb,2,50,2.11035E+12,376762,OLIVETTA SPECIAL,14.165,19.95,39.551
19-Feb,2,50,2.11036E+12,490139,OLIVETTA PEPPER JALAPINO SLICED,56.765,79.95,1.304
19-Feb,2,53,2.14416E+12,173213,BIG TILAPIA 2-3PCS-KG,28,29.95,21.488
19-Feb,2,51,2.12237E+12,454288,GOUDA OLD CHEESE,286,329.95,0.177
19-Feb,2,50,2.11108E+12,104726,BALADI SAUSAGE/KG,96,137.95,16.698
19-Feb,2,50,2.11005E+12,372199,RICH BEEF LUNCHEON/OLIVES,80,90.95,18.523
19-Feb,2,50,2.1106E+12,411106,LUPINE,29.963,39.95,2.545
19-Feb,2,50,2.11106E+12,35125,PASTA BECHAMEL/KG,39,62.95,152.351
19-Feb,2,56,2E+12,289236,STRAWBERRY PACKED 1KG,16,17.95,69
19-Feb,2,56,2.17661E+12,32588,A- AVOCADO,41,46.95,84.601
19-Feb,2,53,2.14403E+12,316012,PARROT FISH (HARED),85,124.95,1
19-Feb,2,56,2E+12,32604,CAULIFLOWER,6.9,8.5,67
19-Feb,2,54,2.15506E+12,35408,LONG FINO X10,6.254,13.95,152
19-Feb,2,54,2E+12,404417,PACKET BOUKSOMAT PLAIN LARGE,12.87,20,36
19-Feb,2,56,2E+12,365352,BASIL BALADY 100GR,5.5,5.95,13
19-Feb,2,56,2.17668E+12,32762,A- ONION RED,6.3,7.95,441.9
19-Feb,2,52,6.224E+12,477974,SABEEL LIVER&GIZZARD 1 KG,51,59.95,10
19-Feb,2,50,2.11092E+12,419644,MULLET GRILLED/KG,77.5,102.95,3.348
19-Feb,2,54,2.15509E+12,494259,N.CIMIT BREAD SMALL,4.5,5.95,140
19-Feb,2,53,2.14414E+12,33770,MEDIUM TILAPIA(3-4PC/K),24.75,25,164.273
19-Feb,2,50,2.11062E+12,483089,WAFFER,37.463,49.95,1.786
19-Feb,2,50,2.11115E+12,483587,STONE CHOCLATE,59.178,89.95,7.839
19-Feb,2,50,2.11103E+12,330829,PASTA CHICKEN SALAD,5.525,8.95,8
19-Feb,2,52,6.224E+12,477964,SABEEL LEG 1KG,35,38.95,164
19-Feb,2,50,2.11105E+12,31032,TAGINE POTATOS/KG,26,57.95,7.332
19-Feb,2,56,2E+12,33238,FENOKIA BALADY 100GR,3,5.95,3
19-Feb,2,50,2.11064E+12,483110,DRIED MANGO KG,210.493,319.95,14.001
19-Feb,2,51,2.12254E+12,441329,KIRI CHEESE HOT CHILI,43,50.95,13.983
19-Feb,2,56,2.17647E+12,395826,DATE ROTAAB,11.75,12.95,44.334
19-Feb,2,56,8.02383E+12,348222,A-KIWI 500GM PUNNET,14.5,14.95,6
19-Feb,2,50,2.11049E+12,389717,LAURIE,50.963,67.95,13.27
19-Feb,2,50,2.11004E+12,318617,HALWANI BL PEPPER BF LNCHON,77.44,80,46.974
19-Feb,2,50,2.11012E+12,318625,HALWANI TRKEY SMOKED,149,171.95,43.913
19-Feb,2,56,2.17672E+12,33693,JUICE MANGO 500ML,18,22.95,3
19-Feb,2,52,6.223E+12,337696,SHAHD WHOLE CHICKEN 1400-1500,75.4,88.95,10
19-Feb,2,54,2.15503E+12,486520,N.MULTISEED BAGUETTE,5.9,8.95,143
19-Feb,2,52,2.13348E+12,31976,TESTICLES,88,103.95,0.138
19-Feb,2,50,2.11035E+12,376760,OLIVETTA GP LEAVES,24.815,34.95,31.74
19-Feb,2,50,2.11108E+12,31025,KOFTA DAWOOD BASHA/KG,73,105.95,24.312
19-Feb,2,56,2.17651E+12,32619,A-RED CHILI,14,16.95,58.012
19-Feb,2,50,2.11053E+12,411110,GROATS KRNAZY,22.463,29.95,13.11
19-Feb,2,56,2.17675E+12,284814,JUICE AVOCADO 250ML,19.5,22.95,1
19-Feb,2,56,2.17652E+12,32621,A-CHILI GREEN TOLL,8.4,10.95,49.927
19-Feb,2,55,2.16551E+12,36833,MINI PASTRY,34.997,100,16.656
19-Feb,2,54,2.15506E+12,35407,LONG FINO X5,3.368,7.95,102
19-Feb,2,50,2.11054E+12,389583,ABA DRIED APRICOT,124.967,189.95,11.606
19-Feb,2,56,2.17669E+12,430140,A-ONION YELLOW,6.15,7.95,308.578
19-Feb,2,56,2E+12,32598,RADISH RED,3.7,4.45,44
19-Feb,2,51,2.12254E+12,441324,KIRI CHEESE BASTERMA,57,67.95,66.698
19-Feb,2,57,2E+12,357664,CHICKEN STRIPS SANDWICH,10.05,21,1
19-Feb,2,51,2.12233E+12,432583,EMNTAL CHEESE SWISS,393.3,489.95,1.724
19-Feb,2,55,2.16582E+12,442964,CINNAMON ROLL,6.5,14.95,2
19-Feb,2,56,6.22401E+12,490233,NABAT OAKLEAF LETTUCE RED,18.7,21.95,6
19-Feb,2,56,2.17627E+12,32484,A-LEMON SEEDLESS,9.75,9.95,42.653
19-Feb,2,56,2.17665E+12,32648,PEAS,16,17.95,31.514
19-Feb,2,57,2E+12,357669,HOT DOG SANDWICH,6,11,64
19-Feb,2,50,2.11006E+12,318619,HALWANI MEAT BF LNCHON,110,124.95,8.325
19-Feb,2,57,2E+12,401391,COKE LIGHT 355 ML,4.46,7,29
19-Feb,2,50,2.11062E+12,483084,FLEX SEEDS,29.963,39.95,18.084
19-Feb,2,56,2E+12,445333,ORANGE NAVEL 8KG CARTON,27,29.95,2
19-Feb,2,51,2.12222E+12,432572,GRANA BADANO CHEESE,259,324.95,3.581
19-Feb,2,53,2.14429E+12,335104,SALT.SARD.VAC,61,74.95,2.827
19-Feb,2,54,2.15505E+12,35391,KAYSER PLAIN X5,3.368,7.95,9
19-Feb,2,51,2.12232E+12,447158,FARM-GOUDA SMOKED,110,129.95,2.329
19-Feb,2,50,6.224E+12,390606,HONEY DATES 350 GM ( JAR),15,18.95,61
19-Feb,2,50,2.11033E+12,376877,QARNATION CUCUMBER,85.165,119.95,14.766
19-Feb,2,50,2.11064E+12,483109,VALUE MIX,164.963,219.95,0.064
19-Feb,2,50,2.11045E+12,483073,CORN CHEESE FLAVOR,78.914,119.95,3.036
19-Feb,2,52,6.223E+12,337707,SHAHD CHICKEN GIZZERD,24.75,29.95,8
19-Feb,2,54,2.15504E+12,486535,N.CHOCOLATE PATE,6.3,8.95,111
19-Feb,2,50,2.1111E+12,421649,WHOLE DUCK/KG,55,74.95,6.1
19-Feb,2,53,2.144E+12,33816,VIRGINIA FISH,65,74.95,2.453
19-Feb,2,50,2.11049E+12,389721,NIGELLA SATIVA,41.213,54.95,12.526
19-Feb,2,57,2E+12,357757,EXPRESSO DOUBLE,9.5,18,2
19-Feb,2,50,2.1106E+12,483595,CASHEW SMOKED FLAVOR,319.046,484.95,1.513
19-Feb,2,56,2.17664E+12,293014,A-CARROT GRADE A,6,7.45,0.245
19-Feb,2,56,6.22401E+12,429873,XP CABBAGE WHITE,8.5,11.95,12
19-Feb,2,54,2.15531E+12,295183,DONUTS ASSORTED X2,4.746,9.5,22
19-Feb,2,56,2.17651E+12,32613,A- CAPSICUM YELLOW,16,18.95,447.462
19-Feb,2,56,6.22401E+12,377120,ZUCCHINI FOAM 1KG,13.25,18.95,6
19-Feb,2,52,6.223E+12,337697,SHAHD FILLET CHICKEN 1KG  052,99,109.95,53
19-Feb,2,50,2.11E+12,372201,RICH LUNCHEON CHICKEN PLAIN,80,95.95,6.858
19-Feb,2,54,2.15542E+12,300338,BOUSOUMAT SESAME,12.548,39.95,0.437
19-Feb,2,50,2.11037E+12,490146,OLIVETTA SPANISH PEPPER,106.465,149.95,0.327
19-Feb,2,56,2.17627E+12,32485,A-ADALIA LEMON,4.35,5.95,195.609
19-Feb,2,57,2E+12,357130,ICE CREAM CHOCOLATE SAUCE,2.05,6,687
19-Feb,2,56,2.17646E+12,276220,PEANUT IN SHELL SALTED MED,29,32.95,162.461
19-Feb,2,54,2.15506E+12,336643,BROWN MED FINO X5,2.905,6.95,5
19-Feb,2,50,6.224E+12,450905,DATES ALMOND 30 DATES MDF PAC,35,49.95,1
19-Feb,2,50,2.11031E+12,376713,OLIVETTA SLI NATU,49.665,69.95,0.649
19-Feb,2,51,2.1225E+12,447159,FARM-MOZZERLLA SHREDED,56,69.95,28.084
19-Feb,2,57,2E+12,390416,TURKISH COFFEE,2.604,6,460
19-Feb,2,56,8.888E+12,475886,SPROUTS CHARD 100GR,3.5,4.75,12
19-Feb,2,57,2E+12,357692,PIZZA SLICE CHICKEN,8.6,17,17
19-Feb,2,50,2.11092E+12,419643,TILAPIA OIL AND LEMON/KG,50.75,68.75,7.389
19-Feb,2,50,2.11099E+12,47787,MOMBAR/KG,43,59.95,60.862
19-Feb,2,52,2.13342E+12,480021,IM BEEF FOUNDO,107,136.95,8.07
19-Feb,2,50,2.11057E+12,389633,ABA CHOCO. DRAGEES,105.23,159.95,0.05
19-Feb,2,51,2.12203E+12,81527,DOMTY SOFT BRAMILY,30,34.25,0.494
19-Feb,2,56,6.223E+12,51425,ISIS DATE W.NUT 500GR,58,72.95,15
19-Feb,2,56,6.22201E+12,315997,ONION GOLDEN 4KG,21,20,9
19-Feb,2,55,2.16555E+12,87456,WHITE FOREST 8 PERSONS,69.568,109.95,8
19-Feb,2,56,2E+12,391321,HERBS R.TH.M.L. MIX2,4.75,4.95,6
19-Feb,2,51,2.12216E+12,323521,ROMY BATAREKH WITH PEPPER,84.1,94.95,281.579
19-Feb,2,55,2.16594E+12,299522,CAKE POUND CHOCOLATE,16.339,29.95,5
19-Feb,2,50,2.11E+12,318620,HALWANI PLAIN CHCKEN LNCHON,88,97.95,20.61
19-Feb,2,56,2.17628E+12,32490,ORANGE VALENCIA FOR JUICE,2.5,2.95,342.568
19-Feb,2,54,2.15505E+12,488281,N.PIZZA DOUGH,4.5,6.5,250
19-Feb,2,50,2.11047E+12,389668,SUMAC,89.963,119.95,5.233
19-Feb,2,52,2.13341E+12,426250,IM BEEF SHANK,105,139.95,48.202
19-Feb,2,56,2.17627E+12,32494,A- GRAPEFRUIT PINK,7,7.95,174.1
19-Feb,2,56,2.17628E+12,408653,A-ORANGE BALADY FOR JUICE,2.5,2.95,404.524
19-Feb,2,56,2.17652E+12,32606,A-EGGPLANT BIG SIZE,11.5,9,93.917
19-Feb,2,52,2.13327E+12,31901,BONES,0.01,5.95,52.304
19-Feb,2,56,6.223E+12,423292,CARROT 500GR,4.25,5.45,1
19-Feb,2,52,6.224E+12,477976,SABEEL WINGS 1KG,30.75,36.95,3
19-Feb,2,50,2.11106E+12,351210,LASAGNA/KG,71,102.95,0.674
19-Feb,2,53,2.14428E+12,51917,HERRING FILLET VAC,120,139.95,3.217
19-Feb,2,55,2.16551E+12,142754,PETIT CAKE 1,6.64,10.95,67
19-Feb,2,56,2E+12,365349,ROSEMARY BALADY 100GR,6.15,6.75,17
19-Feb,2,56,2.17615E+12,398992,A- APPLE RED DARK,22.75,22.95,49.002
19-Feb,2,55,2.16582E+12,442961,RICE MILK TAGEN,6.35,14.95,13
19-Feb,2,50,2.11058E+12,483591,TOFFIE,32.862,49.95,12.401
19-Feb,2,50,2.11091E+12,214105,FRYING FISH/KG,4,7,1.054
19-Feb,2,56,2E+12,430468,WATERCRESS 50GR,0.8,0.95,93
19-Feb,2,56,2.17627E+12,32483,A-LEMON BALADY,10.45,9.95,270.935
19-Feb,2,50,2.11007E+12,318882,LHEMY BEEF LUNCHEON MEAT PIECES,80,92.95,0.301
19-Feb,2,56,2.17611E+12,283461,A-APPLE GREEN IMPORT,27.5,29.95,79.797
19-Feb,2,51,2.12219E+12,487170,KATILO CHEESE BRAMILY-KG,36,43.95,10.697
19-Feb,2,51,2.12201E+12,301138,YELLOW ISTAMBOLY,30,34.95,10.772
19-Feb,2,52,2.1333E+12,426665,BAL BEEF ROAST,127.79,159.95,5.444
19-Feb,2,57,2E+12,357131,ICE CREAM CARAMEL SAUCE,2.05,6,4
19-Feb,2,54,2.15531E+12,295184,DONUTS CHOCOLATE X2,4.001,9,5
19-Feb,2,55,2.16578E+12,44398,BASBOSA W. NUTS,32.099,74.95,30.328
19-Feb,2,52,6.224E+12,477958,SABEEL CHICKEN 1000-1100,49.75,58.95,8
19-Feb,2,57,2E+12,357765,MILK,2.3,6,1
19-Feb,2,50,6.224E+12,450904,BAG 150 GM WITH CHOCOLATE,18,25.95,10
19-Feb,2,50,2.11105E+12,31042,MIXED VEGETABLES/KG,35,50.95,74.317
19-Feb,2,50,2.1106E+12,483593,CASHEW BBQ FLAVOR,319.046,484.95,1.194
19-Feb,2,56,2.17667E+12,311739,POTATO RED ROSETTA,8.9,9.95,143.529
19-Feb,2,52,6.224E+12,477975,SABEEL LIVER&GIZZARD 500GR,26.25,30.95,26
19-Feb,2,56,6.223E+12,32779,ISIS EGGPLANT 1KG,20,25.95,6
19-Feb,2,55,2.16556E+12,35491,BLACK FOREST 8 PERSONS,74.197,135.95,5
19-Feb,2,50,2.11045E+12,389620,ABA DELUXE MIX,171.02,259.95,0.07
19-Feb,2,56,2.17652E+12,32607,A-EGGPLANT WHITE,13,13.95,8.661
19-Feb,2,55,2.16557E+12,168768,CHOCOLATE&FRUITS CAKE 10PERS,97.448,159.95,15
19-Feb,2,50,2.11058E+12,389682,ABA SALTED PISTACHIOS,312.467,474.95,2.456
19-Feb,2,50,2.11059E+12,389691,ABA COFFEE,108.713,144.95,4.07
19-Feb,2,56,2.17626E+12,32492,A- MANDARIN CHINESE,5,5.95,91.551
19-Feb,2,57,2E+12,357758,CAPPUCCINO REGULAR,8.5,21,2
19-Feb,2,50,2.1105E+12,389728,HELBA,18.713,24.95,5.39
19-Feb,2,50,2.11099E+12,30984,MEAT SAMBOUSSAK/KG,49.004,76.95,16.396
19-Feb,2,50,2.11047E+12,389666,GRIND CARNATION,239.963,319.95,1.11
19-Feb,2,56,2E+12,289478,LOLOROSSA GREEN,4.5,4.95,14
19-Feb,2,54,2.15507E+12,291411,TOAST BROWN 500GR,4.982,12.95,6
19-Feb,2,50,2.11107E+12,31021,MEAT CUBES IN SAUCE,98,140.95,57.296
19-Feb,2,57,2E+12,399181,CHOCOLATE MOUSSE/PIC,7.497,15,18
19-Feb,2,51,2.12239E+12,341121,CHEESA FLAVOR SMOKED,78.65,94.95,7.548
19-Feb,2,50,2.11056E+12,389617,ABA ROASTED MACADAMIA ( SALTED ),624.967,949.95,0.784
19-Feb,2,50,2.11102E+12,214078,BABA GHANOUG SALAD,4.523,6.95,82
19-Feb,2,57,2E+12,442450,FRENSH FRIES SANDWICH,2.4,4,1347
19-Feb,2,51,2.12202E+12,323514,ISTAMBOLY CHEESE FRESH,29,34.95,2.405
19-Feb,2,56,2.17646E+12,32768,A-RAISIN BLACK,43,49.95,57.851
19-Feb,2,54,2E+12,404419,PACKET BOUKSOMAT BLACK SEED LARGE,12.87,20,37
19-Feb,2,50,2.1101E+12,419688,LHEMY BASTERMA VACUUM,215,255.95,28.541
19-Feb,2,50,2.11104E+12,30731,PIZZA SALAMI HALF COOK,14.49,24.95,26
19-Feb,2,52,2.13301E+12,31779,CHICKEN LEGS/KG,42,46.95,18.554
19-Feb,2,56,2.17652E+12,32608,A-EGGPLANT BLACK,12.75,13.75,7.961
19-Feb,2,57,2E+12,357671,MEAT BURGER SANDWICH,11.83,16.95,11
19-Feb,2,55,2.16586E+12,94160,PROFITEROLLE,7.854,14.95,34
19-Feb,2,56,2E+12,32642,LEEK,3.75,3.95,67
19-Feb,2,51,2.12202E+12,323513,FETA CHEESE,29,36.95,36.255
19-Feb,2,51,2.12236E+12,432597,KASHCAVAL SMOKED COW CHEESE,259.25,324.95,0.964
19-Feb,2,53,2.14453E+12,319418,DEFR. SHRIMP 20-30,152,179.95,79.72
19-Feb,2,53,2.14416E+12,173305,MEDIUM LOCALGROUPER 2-4 K/PC,70,94.95,4.44
19-Feb,2,50,2.1105E+12,389731,WHITE BEANS,26.213,34.95,26.247
19-Feb,2,56,2E+12,32593,CELERY FRENCH,4.95,5.75,139
19-Feb,2,51,2.12216E+12,323519,ROMY OLD CHEESE,72,80,247.17
19-Feb,2,52,2.13341E+12,426256,IM BEEF CUBES,91,94.95,114.37
19-Feb,2,56,2.17652E+12,32594,A- CUCUMBER,12,12.75,399.456
19-Feb,2,56,2E+12,443766,LATOGA RED,5.25,6.95,20
19-Feb,2,56,2.17652E+12,32631,A-TOMATO BALADY,5.45,4.5,925.949
19-Feb,2,52,2.13329E+12,426175,BAL BEEF KNUCKLE,127.79,157.95,11.77
19-Feb,2,51,2.12233E+12,235621,RED PEPPERJACK JALAPENO,190,219.95,1.382
19-Feb,2,55,2.16593E+12,299514,MUFFINS ASSORTED X 6,10.952,25,144.768
19-Feb,2,52,2.13329E+12,426166,BAL BEEF ESCALOPE,127.79,157.95,13.143
19-Feb,2,51,2.1222E+12,487177,KATILO MORTA NATURAL-KG,46.5,54.95,8.146
19-Feb,2,51,2.12239E+12,341118,CHEESA FLAVOR OLIVE,78.65,85.95,8.385
19-Feb,2,50,2.11048E+12,389705,STONE CUMIN,74.963,99.95,11.55
19-Feb,2,54,2.15525E+12,112410,MARGACROISSANTX10,12.165,20,125.227
19-Feb,2,52,2.1333E+12,426177,BAL BEEF CUBES LOW FAT,117.15,157.95,9.634
19-Feb,2,52,2.13311E+12,380636,CHICKEN FILLET TANDOORY,99,109.95,0.373
19-Feb,2,53,2.14415E+12,33797,BASARIA,15,19.95,54.289
19-Feb,2,56,6.22201E+12,185425,CHILI RED 500GR,10.25,11.95,1
19-Feb,2,56,2.17653E+12,32609,A-ZUCCHINI,11.5,14.95,101.616
19-Feb,2,56,2E+12,365347,MINT BALADY 100GR,2.85,3.45,78
19-Feb,2,50,2.11048E+12,483585,JILI COCA,32.862,49.95,3.281
19-Feb,2,50,2.11034E+12,376751,OLIVETTA MEXIC PEP,16.295,22.95,11.878
19-Feb,2,50,2.11109E+12,315879,HALF GRILLED CHICKEN,31.5,46.45,85
19-Feb,2,50,2.11046E+12,389661,GRIND GINGER,52.463,69.95,11.074
19-Feb,2,50,2.11109E+12,351204,CHICKEN LIVER/KG 050,65.4,91.75,18.508
19-Feb,2,50,2.11051E+12,397853,ABA KARAWIA,51.713,68.95,1.802
19-Feb,2,54,2.15514E+12,36869,BREAD CRAMBS KG,9.996,19.95,150.351
19-Feb,2,50,2.11054E+12,389585,ABA PEELED PISTACHIOS,407.862,619.95,1.447
19-Feb,2,50,2.11013E+12,384319,TURKEY LOBES SMOKED,163,184.95,32.887
19-Feb,2,56,2.17662E+12,32611,A-PUMPKIN,5.25,6.95,152.849
19-Feb,2,52,6.224E+12,477966,SABEEL BREASTS 1KG,39,45.95,138
19-Feb,2,53,2.14435E+12,399050,SEAFOOD COCKTAIL DEFROSTED,42,50,171.881
19-Feb,2,56,2.17626E+12,32496,A- MANDARIN,6.75,7.45,172.97
19-Feb,2,52,2.13329E+12,426174,BAL BEEF CUBES,97,107.95,34.987
19-Feb,2,50,2.11001E+12,372205,RICH COOKED TURKEY,130,155.95,1.825
19-Feb,2,54,2.15508E+12,494257,N.LARGE FETEER,14.1,19.95,143
19-Feb,2,54,2E+12,360340,PACKET BOUKSOMAT BROWN LARGE,13.514,20,41
19-Feb,2,50,2.11005E+12,372197,RICH BEEF LUNCHEON PLAIN,80,90.95,3.535
19-Feb,2,52,6.223E+12,216142,KOKI CHICKEN 950-1000,48.5,57.95,4
19-Feb,2,52,6.223E+12,335059,KOKI CHICKEN THIGH,29,30,106
19-Feb,2,56,6.223E+12,42963,ISIS TOMATO FOAM 900GR,19.5,26.95,30
19-Feb,2,50,6.224E+12,307857,DATES SOFT 700G FP EL TAHAN,25,31.95,9
19-Feb,2,50,2.11049E+12,389724,ANISE SAMO,71.213,94.95,7.956
19-Feb,2,50,2.11049E+12,389722,NUTMEG STONE,356.213,474.95,2.995
19-Feb,2,50,2.11013E+12,384321,TURKEY ROSEMARY SMOKED,150,184.95,0.179
19-Feb,2,56,2.17611E+12,398651,A-APPLE ROYAL GALA,22.45,26.95,315.504
19-Feb,2,55,2.16582E+12,365582,JELLY PCS,3.066,8,33
19-Feb,2,51,2.12231E+12,447155,FARM-GOUDA BLACK PAPER,104,124.95,3.964
19-Feb,2,50,2.11061E+12,483079,RAW CASHEWS LARG 1 KG,269.704,409.95,7.099
19-Feb,2,51,2.12208E+12,327041,ISTAMBOLY CHEESE,46,45.95,44.787
19-Feb,2,51,2.12219E+12,487174,KATILO ROMY OLD CHEESE-KG,98,112.95,47.349
19-Feb,2,56,8.888E+12,466175,CORIANDER 100 GR,2.45,2.95,26
19-Feb,2,50,2.11045E+12,483072,CORN CHILI FLAVOR,78.914,119.95,0.308
19-Feb,2,50,2.11031E+12,376724,OLIVETTA GREEN JUM,35.465,49.95,27.709
19-Feb,2,50,2.11049E+12,389725,HIBISCUS 050,52.463,69.95,2.07
19-Feb,2,51,2.12219E+12,487169,KATILO CHEESE LOW SALT-KG,38.5,44.95,19.788
19-Feb,2,52,2.13305E+12,31799,TURKEY FILLET,84,94.95,0.41
19-Feb,2,51,2.12251E+12,437275,DANABLU CHEESE,175,209.95,5.999
19-Feb,2,51,2.1226E+12,293077,BRIE CANTOREL,385,204.95,0.181
19-Feb,2,52,2.13329E+12,426167,BAL BEEF TOPSIDE,127.79,164.95,9.284
19-Feb,2,54,2E+12,442646,PACKET BOUKSOMAT SPECIAL LARGE,15.4,21.95,9
19-Feb,2,56,6.222E+12,377127,LEMON BALADY FOAM 500GR,7.75,9.75,3
19-Feb,2,51,2.12239E+12,341120,CHEESA FLAVOR CUMMON,78.65,85.95,10.041
19-Feb,2,50,2.11013E+12,406323,SMOKED CHICKEN BREAST,110,167.95,2.18
19-Feb,2,54,2.15504E+12,486537,N.DANISH FRUIT,4.65,6.95,278
19-Feb,2,54,2.15503E+12,486522,N.WHOLEMEAL,8.75,12.95,27
19-Feb,2,56,6.223E+12,421422,ABA HIBISCUS 250GR,22,27.95,3
19-Feb,2,50,2.11058E+12,389648,ABA PEANUTS,41.213,54.95,13.775
19-Feb,2,50,2.11008E+12,318847,FRGLO MEAT BF LNCHON,100,109.95,0.363
19-Feb,2,53,2.14459E+12,421974,DEFROSTED FILLET WHITE FISH,58,64.95,2.912
19-Feb,2,50,2.11051E+12,397855,ABA BASMATI RICE,13.463,17.95,227.259
19-Feb,2,56,6.224E+12,289419,MUSHROOM BROWN 250GR,21.5,23.95,20
19-Feb,2,54,2.15541E+12,446944,CRACKERS,51.975,74.95,137.332
19-Feb,2,52,2.13301E+12,293065,CHICKEN BREAST BON IN MARINATED,34,68.95,10.307
19-Feb,2,56,6.223E+12,390418,JANA CUCUMBER ORGANIC 1K,19.5,20,6
19-Feb,2,50,2.11047E+12,389669,LEMON SALT SAMO,32.862,49.95,0.1
19-Feb,2,56,2.17662E+12,32820,BROCOLLI,7.75,9.95,247.002
19-Feb,2,53,2.14409E+12,399194,MACARONA DEFROSTED,40,44.95,7.428
19-Feb,2,51,2.12246E+12,74678,MOBI BLUE CHEESE,100,119.95,25.052
19-Feb,2,50,2.11045E+12,389652,GRIND BLACK PEPPER,78.713,104.95,36.158
19-Feb,2,50,2.1105E+12,389734,BLACK BEANS,19.463,25.95,20.483
19-Feb,2,50,2.11109E+12,31003,GRILLED CHICKEN FILLET/KG,131.5,188.95,25.943
19-Feb,2,52,2.13329E+12,426165,BAL BEEF ENTRECOTE,127.79,157.95,12.107
19-Feb,2,51,2.1221E+12,479499,FETA CHEESE WITH BLACK OLIVES,30,35.95,1.671
19-Feb,2,52,2.13301E+12,31782,CHICKEN LIVER/KG 052,51,56.95,19.615
19-Feb,2,50,2.11104E+12,31708,PIZZA MARGARETA HALF COOK,13.965,19.95,6
19-Feb,2,53,2.14416E+12,420100,MEDUIM LOTT(MORE THAN1K-2K/PC),60,84.95,10.572
19-Feb,2,55,2.16581E+12,365578,FRUIT JELLY PCS,4.2,9,36
19-Feb,2,56,6.224E+12,401251,MESCLUN 100GR,23,23.95,2
19-Feb,2,54,2.15502E+12,486514,N.BROWN MED. FINO,1.1,1.5,3
19-Feb,2,54,2.15542E+12,300349,MINEN PLAIN KG,14.354,39.95,6.074
19-Feb,2,56,2.17651E+12,32617,CAPSICUM ORANGE,20.5,22.95,5.631
19-Feb,2,54,2.15525E+12,113083,DANISH FRUIT X10,27.855,46.95,1
19-Feb,2,51,2.1224E+12,74393,WHITE CHEDDAR LOW FAT,185,219.95,0.387
19-Feb,2,50,2.11092E+12,419656,SEA FOOD TAGIN/KG,69,96.95,0.612
19-Feb,2,57,2E+12,357654,CHEDDAR SANDWICH,6,12,95
19-Feb,2,57,2E+12,361955,REDBULL ENERGY DRINK,12.949,25,6
19-Feb,2,55,2.16583E+12,36830,BISCUITS,54.999,84.95,12.181
19-Feb,2,50,2.11013E+12,318890,LHEMY TRKEY SMOKED,109,131.95,15.291
19-Feb,2,50,6.224E+12,390599,DATES 700 GM (KARTON),25,31.95,57
19-Feb,2,52,2.13341E+12,426258,IM BEEF SILVERSIDE,107,142.95,25.293
19-Feb,2,54,2.15503E+12,486526,N.TOAST MLT.SEEDS 500G,15,19.95,51
19-Feb,2,56,2.17614E+12,287827,GRAPE BLACK,18.5,23.95,1.394
19-Feb,2,55,2.16597E+12,448062,TROUFLEX TOUFY,49,79.95,0.676
19-Feb,2,50,2.11048E+12,389677,SAHLAB SAMO,37.463,49.95,12.833
19-Feb,2,50,2.11056E+12,389607,ABA CHINESE CRACKERS/W CHESSE,105.23,159.95,0.143
19-Feb,2,50,2.11059E+12,402560,POP CORN,16.463,21.95,97.544
19-Feb,2,56,2.17616E+12,32553,A-WATER MELON,6.5,8.75,73.113
19-Feb,2,51,2.12201E+12,327038,KARISH CHEESE,34,40,204.332
19-Feb,2,50,2.11054E+12,389587,ABA ALMONDS ( LARGE ),263.158,400,7.784
19-Feb,2,55,2.16597E+12,448059,CHICOBON,55,89.95,3.304
19-Feb,2,52,2.1334E+12,426246,IM BEEF RIBYEY,107,143.95,18.869
19-Feb,2,54,2.15541E+12,446945,BISCUIT WAFER,63.525,79.95,10.142
19-Feb,2,50,2.11017E+12,307886,DATES SAKOUTI G2 KG,14.5,17.95,0.597
19-Feb,2,52,2.1335E+12,426179,MINCE LOW FAT,94,100,204.382
19-Feb,2,50,2.11053E+12,389577,ABA GOLDEN RAISINS,72.336,109.95,11.648
19-Feb,2,56,2.17673E+12,284815,JUICE POMEGRANATE 500ML,12,15.95,3
19-Feb,2,51,2.12202E+12,323515,TSH YOGURT CHEESE,42,49.95,1.096
19-Feb,2,56,2.17676E+12,436960,JUICE GUAVA 250ML,4.7,6.95,18
19-Feb,2,50,2.11006E+12,372203,RICH COOKED BEEF,130,152.95,12.124
19-Feb,2,55,6.22301E+12,496915,ETOILE HALWA MOLOD 64,156.447,205,37
19-Feb,2,56,6.22401E+12,490244,NABAT SUPER GREENS 100G,24.2,27.95,8
19-Feb,2,50,2.11032E+12,376729,OLIVETTA STUF PEP,52.505,73.95,11.877
19-Feb,2,51,2.12216E+12,413306,BLUE CHEESE EXTRA CREAMY,220,259.95,2.337
19-Feb,2,57,2E+12,357689,PIZZA SLICE HOT DOG,6.846,15,33
19-Feb,2,53,2.14417E+12,210584,PARROT FISH,60,89.95,3.385
19-Feb,2,50,2.1101E+12,318632,HALWANI SALAMI DRIED BEEF,121,142.95,75.581
19-Feb,2,51,2.12245E+12,421976,FRICO EDAM SOFT MAILD,107.35,127.95,82.844
19-Feb,2,56,2.17643E+12,33952,FRUIT MIX SALAD SLICED,9.5,11.95,560
19-Feb,2,50,2.11065E+12,483116,CHICKEN SPICES 1 KG,59.962,79.95,17.348
19-Feb,2,56,2.17621E+12,32558,GUAVA,13,13.95,94.38
19-Feb,2,55,2.16556E+12,35495,CHOCOLATE SWEET 8PERSON,77.044,135.95,15
19-Feb,2,51,2.1225E+12,447165,FARM-PAMZYAN CHEESE,108,129.95,4.296
19-Feb,2,52,2.13341E+12,426259,IM BEEF CUBES LOW FAT,96,100,155.589
19-Feb,2,50,2.11103E+12,30971,PASTA SALAD,3.309,6.95,4
19-Feb,2,50,2.11034E+12,376747,OLIVETTA SUP PICK,12.74,17.95,2.07
19-Feb,2,50,2.11005E+12,318883,LHEMY BEEF LUNCHEON BLACK PEPPER,65,84.95,47.096
19-Feb,2,54,2.15509E+12,494260,N.CIMIT BREAD LARGE,6.25,7.95,69
19-Feb,2,56,2.17638E+12,32561,PAPAYA GREEN,6.4,8.75,3.384
19-Feb,2,56,6.22401E+12,429872,XP CABBAGE RED,8.25,11.95,1
19-Feb,2,50,2.11102E+12,24766,POTATOS SALAD,4.322,6.95,2
19-Feb,2,51,2.12232E+12,432575,PARVLONA PICANTE CHEESE,220,264.95,0.325
19-Feb,2,51,2.12234E+12,447163,FARM-EMENTAL CHEESE,104,124.95,4.832
19-Feb,2,56,2.17638E+12,44227,CHESTNUT,105,109.95,21.193
19-Feb,2,51,2.12216E+12,323520,ROMY BATAREKH CHEESE,85,94.95,196.553
19-Feb,2,54,2E+12,404420,PACKET BOUKSOMAT EIN YMAMA LARGE,17.05,24.95,29
19-Feb,2,50,2.11001E+12,318679,MERAI SMOKED LNCHON CHICKEN,115,141.95,0.61
19-Feb,2,53,2.14401E+12,33892,MACARONA BALADY FISH,70,94.95,11.966
19-Feb,2,54,2.15502E+12,486516,N.KAYSER SESAME,1.25,1.75,607
19-Feb,2,56,8.888E+12,32601,CABBAGE WHITE,7.25,11.95,100
19-Feb,2,56,2.17626E+12,32497,A-MANDARIN MURKET,4.75,4.75,511.685
19-Feb,2,56,6.22401E+12,490232,NABAT OAKLEAF LETTUCE GREEN,18.7,21.95,13
19-Feb,2,50,2.11049E+12,389719,LEBANESE THYME,48.713,64.95,7.492
19-Feb,2,54,2.15502E+12,486515,N.KAIZER PLAIN,1.05,1.5,803
19-Feb,2,52,2.1332E+12,31946,PEPPER STEACK,136.68,166.95,0.935
19-Feb,2,50,2.11046E+12,389655,GRIND CORIANDER,28.463,37.95,18.501
19-Feb,2,51,2.12237E+12,454289,GOUDA LIGHT CHEESE,206,229.95,1.223
19-Feb,2,52,2.13329E+12,426176,BAL BEEF SILVERSIDE,127.79,154.95,11.089
19-Feb,2,50,2.11006E+12,318618,HALWANI OLIVE BF LNCHON,77.44,80,55.086
19-Feb,2,53,2.14409E+12,399046,SLICE CLEAN SQUID DEFROSTED,57,79.95,98.436
19-Feb,2,50,2.11061E+12,483082,ROSE MARY,41.213,54.95,2.328
19-Feb,2,51,2.12207E+12,327043,BRAMILY CHEESE CAPSICUM,46,54.95,125.403
19-Feb,2,54,2.15505E+12,35393,VIENNA BREAD 125GR,2.271,5.95,3
19-Feb,2,52,2.13328E+12,426164,BAL BEEF RIBYEY,127.79,157.95,4.178
19-Feb,2,51,2.12232E+12,362884,IRISH CHEDDAR CHEESE,96,100,154.744
19-Feb,2,56,6.22401E+12,490231,NABAT BATAVIA LETTUCE GREEN,18.7,21.95,11
19-Feb,2,50,2.11103E+12,30981,BEET SALAD,1.593,6.95,41
19-Feb,2,56,2.17613E+12,32547,GRAPE RED CRIMSON,28.5,38.95,21.87
19-Feb,2,50,2.11036E+12,376765,OLIVETTA CUC,25.525,35.95,10.772
19-Feb,2,56,6.223E+12,42777,ISIS POTATO FOAM 1KG,21.5,26.95,3
19-Feb,2,55,2.16581E+12,244301,STRAWBERRY MOUSSE SMALL,7.75,14.95,45
19-Feb,2,51,2.1221E+12,479534,FETA CHEESE WITH CHILI,30,35.95,0.699
19-Feb,2,56,2E+12,32576,LETTUCE BALADY,3.7,4.75,56
19-Feb,2,54,2.15537E+12,300332,CIMIT BREAD 400GR,4.5,7.95,3
19-Feb,2,52,2.13341E+12,426257,IM BEEF KNUCKLE,107,142.95,43.55
19-Feb,2,55,2.16596E+12,154763,MUFFIN X 4,7.497,16.95,10
19-Feb,2,52,2.13328E+12,31916,OXTAIL,101.19,119.95,0.85
19-Feb,2,51,2.12254E+12,441331,KIRI CHEESE CHEDAR,37,43.95,70.304
19-Feb,2,50,2.11104E+12,88772,PIZZA HOT DOG HALF COOK,14.48,24.95,39
19-Feb,2,50,2.11012E+12,318628,HALWANI TRKEY ROAST SMOKED,149,171.95,11.338
19-Feb,2,55,2.16594E+12,299521,CAKE POUND MIX FRUITS,15.707,29.95,8
19-Feb,2,56,2.17619E+12,43857,A-PEAR CHINESE,45.35,53.95,1.094
19-Feb,2,50,2.11002E+12,454312,SMOKED CHICKEN BREAST GRILL,130,150.95,0.373
19-Feb,2,50,2.11006E+12,61766,BASTERMA WITH GARLIC,151,160,4.342
19-Feb,2,51,2.12238E+12,30601,DRANGLES HOT PEPPER CHDAR,160,189.95,0.494
19-Feb,2,57,2E+12,361961,BIRELL 330ML,4.32,10,1
19-Feb,2,50,2.11056E+12,389618,ABA ROASTED MACADAMIA ( CHEESE ),624.967,949.95,0.326
19-Feb,2,52,2.13336E+12,426238,BAL LAMB NECK,129.72,153.95,1.489
19-Feb,2,54,2.15515E+12,113101,COUNTRY BAGT 250GR,3.216,6.95,1
19-Feb,2,50,2.11033E+12,376876,LEMON STUFFED CELERY,19.135,26.95,4.734
19-Feb,2,54,2.00001E+12,501226,HEALTHY BREAD STICKS,13.2,19.95,5
19-Feb,2,56,2.17668E+12,32760,A-GARLIC CHINESE,32,34.95,65.606
19-Feb,2,50,2.11059E+12,402559,CHEAK PEAS,32.963,43.95,29.484
19-Feb,2,50,2.11006E+12,318622,HALWANI PRESSED BEEF,193,219.95,10.264
19-Feb,2,52,6.224E+12,477957,SABEEL CHICKEN 950-1000,46.25,54.95,5
19-Feb,2,55,2E+12,376808,MOULED BOX DELUX 3KG,180,249.95,2
19-Feb,2,50,2.11108E+12,483584,CHOCLATE PEANUTS,36.809,55.95,8.392
19-Feb,2,54,2.15509E+12,494261,N.ORASS BREAD,2.4,3.25,55
19-Feb,2,51,2.12204E+12,439809,MESH HOT PEPPER,23.51,39.95,0.171
19-Feb,2,52,2.13301E+12,78697,CHICKEN BONESççççç,1.5,10.95,1.463
19-Feb,2,52,2.1333E+12,435912,BAL BEEF NECK,115.19,139.95,37.672
19-Feb,2,50,2.1105E+12,389729,YELLOW LENTILS SAMO,14.963,19.95,53.833
19-Feb,2,56,2.17651E+12,32614,A-CAPSICUM GREEN,13.25,15.95,87.724
19-Feb,2,55,2.16594E+12,299550,SPONGE KG,15.005,46.95,2.976
19-Feb,2,56,2.17664E+12,32645,A- GREEN BEAN,20,16,45.508
19-Feb,2,56,2.1761E+12,32539,A-APPLE GOLDEN IMPORT,18.75,20,581.306
19-Feb,2,52,6.223E+12,337703,SHAHD LIVER CHICKEN 500GR,25.75,30.95,90
19-Feb,2,57,2E+12,490212,SHAWRMA CHICKEN SAND.,22.62,28,2
19-Feb,2,50,2.11013E+12,478377,HALWANI OLIVE CHCKEN LNCHON,83,94.95,1.633
19-Feb,2,51,2.12202E+12,323512,CHEESE LOW SALT,26,30,87.664
19-Feb,2,52,2.13329E+12,426169,BAL BEEF RIBS,127.19,147.95,1.605
19-Feb,2,55,2E+12,338876,BISCUITS 1KG,61.95,84.95,2
19-Feb,2,55,6.22301E+12,496920,ETOILE HALWA MOLOD 85,373.947,490,2
19-Feb,2,57,2E+12,357776,TEA EVENING,1.75,6,7
19-Feb,2,54,2.15541E+12,300336,ORASS BREAD X5,4.148,8.95,142
19-Feb,2,50,2.11005E+12,318884,LHEMY BEEF LUNCHEON CAPSICUM,65,79.95,0.199
19-Feb,2,55,2.16583E+12,442963,PASTRY CARNAVAL,7.31,14.95,239
19-Feb,2,54,2.00001E+12,501227,HEALTHY CRACKERS,12.1,19.95,3
19-Feb,2,50,2.11053E+12,430268,QUINOA SEEDS,89.963,119.95,3.333
19-Feb,2,55,6.22301E+12,496918,ETOILE HALWA MOLOD 49,206.053,270,22
19-Feb,2,51,2.12238E+12,341117,CHEESA FLAVOR EDAM,78.65,85.95,4.912
19-Feb,2,53,2.14422E+12,33865,FILLET GROUPER,130,199.95,0.917
19-Feb,2,50,2.11005E+12,318856,FRGLO FRY BF LNCHON,16,19.95,0.826
19-Feb,2,53,2.14455E+12,477677,DEFR. SHRIMP 80-120,95,100,44.252
19-Feb,2,50,2.11108E+12,339019,FRIED CHICKEN WINGS/KG,30.9,46.45,0.861
19-Feb,2,50,2.11005E+12,318683,MERAI BEEF PRESSED,180,204.95,0.759
19-Feb,2,53,2.14401E+12,33874,WHITING FISH,70,84.95,6.74
19-Feb,2,56,2.17668E+12,431875,A- GARLIC BALADY WHITE,13,17.75,9.343
19-Feb,2,56,2.17627E+12,425250,A-LEMON BALADY NET,12.35,14.95,21.374
19-Feb,2,51,2.12233E+12,229786,AVANTI SMOKED CHEDDAR,86,98.95,0.879
19-Feb,2,52,2.13328E+12,431752,BAL BEEF FOUNDO,126.19,149.95,0.329
19-Feb,2,50,2.11052E+12,411097,PANE SPICES,26.213,34.95,19.819
19-Feb,2,54,2.15502E+12,296777,BREAD TRAD PER KG,8.033,24.95,0.967
19-Feb,2,50,2.1103E+12,376711,OLIVETTA SPANISH,39.015,54.95,1.079
19-Feb,2,57,2E+12,357713,SHISHTAHOOK SANDWICH,12.8,29,1
19-Feb,2,56,2.17665E+12,292789,BROAD BEAN,9.75,11.75,27.186
19-Feb,2,52,6.224E+12,477968,SABEEL FILLET 500GR,46.75,54.95,67
19-Feb,2,50,2.11109E+12,31005,ROAST CHICKEN DRUMSTICKS/KG,64.8,91.75,9.767
19-Feb,2,52,2.13341E+12,480020,IM BEEF STROGANOFF,107,136.95,3.096
19-Feb,2,50,2.11052E+12,411099,PASTS SPICES,56.213,74.95,2.318
19-Feb,2,56,6.22201E+12,213783,CUCUMBER 1KG,13.45,14.95,10
19-Feb,2,54,2.15506E+12,35411,MEDIUM FINO X10,5.533,10,284.295
19-Feb,2,55,2.16552E+12,142755,PETIT CAKE 2,11.506,19.95,16
19-Feb,2,50,2.11003E+12,454314,SMOKED CHICKEN BREAST ZINGAR SPICY,130,150.95,1.575
19-Feb,2,51,2.1222E+12,330184,GORGONZOLA,385,484.95,0.177
19-Feb,2,56,2.17656E+12,32591,BEET RED,6.4,7.95,88.191
19-Feb,2,54,2E+12,360333,PACKET BATON SALE SESAME SMALL,11.319,14.95,14
19-Feb,2,50,2.11029E+12,490131,OLIVETTA KLAMATA OLIVE BABY,60.315,84.95,6.736
19-Feb,2,50,2.11092E+12,419645,MULLET OIL AND LEMON/KG,79.5,102.95,0.83
19-Feb,2,52,6.223E+12,337691,SHAHD WHOLE CHICKEN 1000-950,50.7,59.95,11
19-Feb,2,56,6.223E+12,323619,ONION RED 5KG,37.5,39.95,7
19-Feb,2,50,2.11012E+12,318626,HALWANI CHCKEN SMOKED,132,159.95,0.145
19-Feb,2,50,2.11002E+12,430913,OSTRICH LUNCHEON WITH OLIVE,57,74.95,0.756
19-Feb,2,56,6.223E+12,74803,ORANGE FOR JUICE 6.5KG,21.75,24.95,27
19-Feb,2,57,2E+12,362546,CHEESE CAKE CHERRY/PIC,13.49,20,4
19-Feb,2,50,2.11055E+12,389594,ABA CHINESE CRACKERS,119.963,159.95,0.689
19-Feb,2,50,2.11108E+12,104724,ALEX LIVER/KG,62.6,91.75,7.984
19-Feb,2,50,2.11061E+12,483077,CHINESE CRACKERS PEPPER 1 KG,105.23,159.95,0.109
19-Feb,2,52,2.13348E+12,426239,BAL LAMB OFFALS,129.72,169.95,0.71
19-Feb,2,53,2.14452E+12,384713,DEFROSTED CLEAN SHRIMPS 50-70,146,169.95,0.543
19-Feb,2,56,2.17652E+12,32652,A-CAPSICUM BALADY,11.45,13.95,76.793
19-Feb,2,50,2.11002E+12,454309,SMOKED CHICKEN BREAST BLUE CHEESE,130,150.95,0.991
19-Feb,2,52,2.13311E+12,380639,WHOLE CHICKEN TANDOORY,52,57.95,3.156
19-Feb,2,56,6.223E+12,390421,JANA POTATOES ORGANIC 1K,19.5,20,2
19-Feb,2,50,2.11103E+12,30982,ORIENTAL SALAD,2.792,6.95,10
19-Feb,2,50,2.11052E+12,397857,ABA FRICK,13.463,17.95,14.56
19-Feb,2,50,2.11001E+12,318621,HALWANI COOKED CHICKEN,121,137.95,14.221
19-Feb,2,52,6.223E+12,337705,SHAHD CHICKEN WINGS,38,44.95,6
19-Feb,2,55,6.22301E+12,496919,ETOILE HALWA MOLOD 65,297.632,390,12
19-Feb,2,57,2E+12,442448,FALAFEL SANDWICH,1.3,3,84
19-Feb,2,57,2E+12,357665,CHICKEN PANE SANDWICH,10.8,26,16
19-Feb,2,52,2.1334E+12,426247,IM BEEF ENTRECOTE,104,144.95,44.817
19-Feb,2,53,2.14434E+12,34140,CLAMS,35,39.95,34.922
19-Feb,2,50,2.11031E+12,376723,OLIVETTA SLICED G,41.855,58.95,16.788
19-Feb,2,54,2.15504E+12,486533,N.CHEESE PATE,4.65,6.75,66.479
19-Feb,2,51,2.12271E+12,30592,HALAWA PEANUTS,37,44.95,30.083
19-Feb,2,54,2.00001E+12,501228,HEALTHY BISCUIT,16.5,24.95,9
19-Feb,2,56,2.17646E+12,32749,A-RAISIN WHITE,43,59.95,33.193
19-Feb,2,54,2E+12,404421,PACKET MENIN AJWA LARGE,16.459,21,39
19-Feb,2,50,6.224E+12,390610,DATES MINCED 400 GM (B V C ),13,16.95,32
19-Feb,2,51,2.12239E+12,84825,RED CHEDDAR 10364,161,184.95,6.94
19-Feb,2,56,2.17626E+12,32495,A- CLEMENTINE,5,4,89.479
19-Feb,2,55,2.16581E+12,244214,MAHLABIA,5.83,12.95,7
19-Feb,2,52,6.223E+12,218881,KOKI CHICKEN DRUMSTICKS 1KG,47.3,55.95,7
19-Feb,2,50,2.11051E+12,397849,ABA POWDER ONION,33.713,44.95,20.83
19-Feb,2,50,2.11032E+12,376728,OLIVETTA PITTED,41.855,58.95,7.535
19-Feb,2,56,6.223E+12,33233,MAFA CHIVES,3,4.95,12
19-Feb,2,50,2.11097E+12,338225,MEAL CARREFOUR 3,15.68,25.95,44
19-Feb,2,56,2.1761E+12,230872,APPLE GOLDEN PACKED 1KG,19.5,24.95,1.975
19-Feb,2,52,2.1332E+12,32400,BEEF SAUSAGE,80,89.95,85.368
19-Feb,2,52,2.13336E+12,426243,BAL LAMB STEW,119,134.95,1.282
19-Feb,2,50,2.11056E+12,389615,ABA PECAN RAW,476.941,724.95,0.689
19-Feb,2,57,2E+12,357668,KOFTA SANDWISH,9.25,20,32
19-Feb,2,56,6.22201E+12,213776,SPRING ONION 125GR,0.95,1.45,96
19-Feb,2,50,2.11047E+12,389667,CAREY,41.213,54.95,17.664
19-Feb,2,57,2E+12,401388,COKE 300 ML,1.825,5,79
19-Feb,2,56,2.17664E+12,377155,CARROT RED,3,3.95,4.166
19-Feb,2,50,2.11102E+12,30985,RUSSIAN SALAD,3.004,6.95,18
19-Feb,2,53,2.14454E+12,319429,DEFR. SHRIMP 30/40,178,199.95,4.943
19-Feb,2,54,2.15503E+12,486524,N.TOAST WHITE 500GR,8.75,13.95,72
19-Feb,2,56,6.223E+12,32778,ISIS CUCUMBER FOAM 900GR,21.5,27.95,33
19-Feb,2,56,2.17656E+12,32597,RADISH WHITE,6.6,7.45,26.368
19-Feb,2,52,2.13336E+12,426240,BAL LAMB RIBS,139.87,169.95,0.246
19-Feb,2,51,2.12202E+12,323516,CREAM WHITE CHEESE,42,49.95,15.975
19-Feb,2,54,2.15505E+12,35392,KAIZER PLAIN X10,6.254,13.95,146
19-Feb,2,52,6.224E+12,477965,SABEEL DRUMSTICK 1KG,51.25,60.95,38
19-Feb,2,56,8.888E+12,466174,PARSLEY100 GR,2.45,2.75,32
19-Feb,2,55,2E+12,442466,MOUSHABEK BY KG,28,39.95,36
19-Feb,2,51,2.12232E+12,243320,AVANTI CUMIN CHEDDAR,86,98.95,0.427
19-Feb,2,50,2.1105E+12,389732,KIDNEY BEANS SAMO,22.463,29.95,12.971
19-Feb,2,56,6.223E+12,51426,ISIS DATE W-ALMOND 500GR,58,73.95,10
19-Feb,2,55,2.16597E+12,448054,CHOCOLATE MIXED PLAIN,54,89.95,2.958
19-Feb,2,55,2.1656E+12,308125,FLAN TART LARGE,20.003,46.45,2
19-Feb,2,52,6.223E+12,337689,SHAHD WHOLE CHICKEN 900-850,45.5,53.95,18
19-Feb,2,54,2.15502E+12,305477,FOURNIL BREAD X1,1.507,2.5,950
19-Feb,2,56,2.17667E+12,157967,A-POTATO FOR FRYING,8.8,10.95,894.012
19-Feb,2,50,2.11055E+12,389591,ABA ROASTED CASHEWS( LARGE ),309.178,469.95,10.392
19-Feb,2,50,2.11109E+12,31058,SHISH TAWOOK/KG,122,171.95,14.716
19-Feb,2,56,2.17617E+12,441814,A- XP CANTALOUPE,6,8.75,0.368
19-Feb,2,53,2.14416E+12,420102,SMALL TILAPIA(5-6PC/K),24,29.95,58.425
19-Feb,2,50,2.11003E+12,294250,IMPORT GRILL TRKEY ROLL,115,154.95,0.125
19-Feb,2,56,8.888E+12,32577,CABBAGE CHINESE,3,3.45,25
19-Feb,2,52,2.1334E+12,426249,IM BEEF TOPSIDE,107,142.95,32.615
19-Feb,2,56,2.17611E+12,429497,A-APPLE EUROPE,17.75,17.95,511.145
19-Feb,2,51,2.12271E+12,30598,HALAWA ALMOUND,53,64.95,14.759
19-Feb,2,56,2.17642E+12,244046,MANGO ASNAF,77,79.95,10.179
19-Feb,2,51,2.12205E+12,112894,BALADY FULL CREAM,49,59.95,16.325
19-Feb,2,54,2.15504E+12,486534,N.CHEESE PATE MINI,85,119.95,3.228
19-Feb,2,50,2.11009E+12,462270,ATYAB SALAMY BEEF,115,136.95,0.109
19-Feb,2,50,2.11064E+12,483108,SUPREME MIX,361.809,549.95,2.745
19-Feb,2,50,2.11108E+12,339016,CHICKEN IN SAUCE/KG,90.4,129.95,0.422
19-Feb,2,56,2E+12,447663,STRAWBERRY 750GR,10,12.95,195
19-Feb,2,50,2.11E+12,372202,RICH LUNCHEON CHICKEN/OLIVES,80,95.95,7.205
19-Feb,2,50,2.11E+12,372204,RICH COOKED CHICKEN,130,153.95,13.055
19-Feb,2,50,2.11104E+12,30975,YOGURT SALAD,3.82,6.95,19
19-Feb,2,50,2.11092E+12,419646,MULLET SINGARI/KG,80.5,102.95,1.784
19-Feb,2,50,2.11048E+12,389678,PAPRIKA SAMO,55.23,83.95,21.31
19-Feb,2,57,2E+12,357667,ALEX LIVER SANDWICH,6.1,15,80
19-Feb,2,52,6.223E+12,337699,SHAHD DRUMSTICK 1KG 052,59,69.95,45
19-Feb,2,52,6.224E+12,477971,SABEEL LIVER 1KG,54,59.95,64
19-Feb,2,53,2.14459E+12,33881,FORZEN WHOLE SALMON,215,259.95,3.315
19-Feb,2,55,2.16587E+12,94166,SMALL MOUSSE CAKE,9.177,14.95,70
19-Feb,2,51,2.12254E+12,441332,KIRI FLAVOR BASTERMA,37,43.95,25.678
19-Feb,2,51,2.12238E+12,348516,GOUDA CHEESE 14038,135,124.95,18.085
19-Feb,2,50,2.11053E+12,430269,CHIA SEEDS,97.463,129.95,7.745
19-Feb,2,54,2.15504E+12,486536,N.CHOCOLATE PATE MINI,95,134.95,3.965
19-Feb,2,50,2.11091E+12,214104,GRILL FISH/KG,3.5,6,7.508
19-Feb,2,50,2.11009E+12,318631,HALWANI SALAMI BEEF,110,126.95,8.805
19-Feb,2,50,2.11047E+12,389675,GRIND NUTMEG,371.963,495.95,2.888
19-Feb,2,50,2.11104E+12,30724,PIZZA TUNA HALF COOK,19.95,29.95,3
19-Feb,2,51,2.12254E+12,441326,KIRI CHEESE EQFORD,48,56.95,25.14
19-Feb,2,51,2.12251E+12,432570,EMNTAL FRENCH CHEESE,184,224.95,13.298
19-Feb,2,50,2.11109E+12,104727,CHICKEN PANEE/KG,95.3,137.95,4.888
19-Feb,2,52,6.224E+12,477972,SABEEL LIVER 500GR,28,32.95,41
19-Feb,2,50,2.11055E+12,389605,DARK COCO ABA,52.599,79.95,22.109
19-Feb,2,50,2.11046E+12,389656,CURCUMA,35.963,47.95,31.962
19-Feb,2,56,6.223E+12,409937,ORANGE JUICE 3KG,9.1,9.95,67
19-Feb,2,50,2.11105E+12,31709,PIZZA VEGETABLES HALF COOK,15.467,19.95,1
19-Feb,2,57,2E+12,399180,STRAWBERRY MOUSSE/PIC,5.6,12,1
19-Feb,2,54,2.15542E+12,300340,BOUSOUMAT BLK SEEDS,11.75,39.95,13.555
19-Feb,2,51,2.1224E+12,148681,EGYPTIAN CHEDDAR,24.63,29.95,26.81
19-Feb,2,54,2.15505E+12,486511,N.LONG FINO,1.1,1.5,3130
19-Feb,2,52,6.223E+12,216155,KOKI CHICKEN LEG 1KG,42.9,48.95,10
19-Feb,2,52,6.223E+12,337706,SHAHD BREAST BONE IN,58.5,64.95,880
19-Feb,2,50,6.224E+12,450910,DATES ROSHADIA KSA 400 GM,30,37.95,1
19-Feb,2,50,2.11062E+12,483083,COCONUT THREADS,85.493,129.95,0.515
19-Feb,2,56,2E+12,32584,LOLOROSSA RED,4.5,4.95,34
19-Feb,2,56,2.17613E+12,487488,A- APPLE GOLDEN( 60/65 )SMALL,18.5,18.95,257.526
19-Feb,2,54,2.15531E+12,295180,DONUTS ASSORTED X5,9.755,25,577.152
19-Feb,2,50,2.11035E+12,376758,OLIVETTA LEM SAFF,31.205,43.95,13.594
19-Feb,2,50,2.1103E+12,490134,OLIVETTA BEYTI OLIVES,60.315,84.95,0.323
19-Feb,2,50,2.11035E+12,376753,OLIVETTA NAT PEP,13.455,18.95,12.072
19-Feb,2,50,2.11056E+12,389613,ABA PISTACHIO CHEESE FLAVOR,319.046,484.95,0.674
19-Feb,2,56,2.17612E+12,107762,A-APPLE POLISH GALA,19,23.95,4.666
19-Feb,2,50,2.11054E+12,389588,ABA ROASTED ALMONDS,269.737,410,3.436
19-Feb,2,55,2.1657E+12,35560,MOUCHABEKE BY KG,15,46.45,1.03
19-Feb,2,50,2.11056E+12,389614,ABA SMOKED ALMONDS,269.737,410,2.59
19-Feb,2,52,2.1334E+12,426248,IM BEEF ESCALOPE,107,142.95,36.166
19-Feb,2,50,2.11054E+12,389586,ABA WALNUT HALVES,276.283,419.95,9.425
19-Feb,2,52,2.13328E+12,426163,BAL BEEF FILLET,150.13,177.95,2.617
19-Feb,2,55,2.16581E+12,244213,RICE WITH MILK,6.04,15.25,57
19-Feb,2,50,2.11107E+12,421338,SMALL GRILL CHICKEN,43,63.95,158
19-Feb,2,55,2.16553E+12,142760,PETIT CAKE 6,32.569,54.95,11
19-Feb,2,50,2.11103E+12,30973,COLE SLAW SALAD,3.156,6.95,114
19-Feb,2,50,2.11057E+12,389639,ABA BLUEBERRIES,394.704,599.95,0.101
19-Feb,2,51,2.12231E+12,447154,FARM-GOUDA CUMIN,104,124.95,4.904
19-Feb,2,53,2.14415E+12,33840,BIG LOCALGROUPER 1-2 K/PC,75,124.95,2.362
19-Feb,2,50,2.11006E+12,372200,RICH LUNCHEON/SHREDDED BEEF,90,104.95,15.906
19-Feb,2,50,2.11045E+12,483070,CALIFORNIA PISTACHIOS,355.263,540,8.62
19-Feb,2,56,2.17612E+12,387719,A-APPLE ROYAL GALA (SMALL),18.5,20,148.693
19-Feb,2,55,2.16582E+12,36815,OM ALY,6.605,14.95,228
19-Feb,2,53,2.14435E+12,316011,FRESH RED CALAMARI,115,129.95,8.133
19-Feb,2,51,2.12238E+12,55514,CHEDDAR RED LOW FAT,175,224.95,0.658
19-Feb,2,50,2.1103E+12,376709,OLIVETTACRA KALAM,85.165,119.95,6.243
19-Feb,2,50,2.11044E+12,483067,ALMONDS BBQ FLAVOR,269.737,410,0.75
19-Feb,2,51,2.12264E+12,483120,UKRANIN BUTTER-KG,39.5,51.95,196.746
19-Feb,2,51,2.12231E+12,447153,FARM-GOUDA PLAIN,93,103.95,11.635
19-Feb,2,54,2E+12,360330,PACKET BATON SALE BLACK SEED,11.319,14.95,7
19-Feb,2,51,2.12233E+12,432582,RED CHEDDAR,155,184.95,2.438
19-Feb,2,50,2.11004E+12,318616,HALWANI PLAIN BF LNCHON,77.44,80,112.139
19-Feb,2,50,2.11011E+12,318627,HALWANI BF ROAST SMOKED,193,219.95,2.548
19-Feb,2,52,2.13329E+12,426168,BAL BEEF SHANK,125.66,157.95,16.177
19-Feb,2,50,6.224E+12,390611,DATES 1.400 KG (KARTON),65,81.95,3
19-Feb,2,54,2.15516E+12,291426,COUNTRYSEEDS 400GR,5.8,11.95,1
19-Feb,2,50,2.11004E+12,256216,SWISS OLIVE BF LNCHON,58.19,69.95,0.187
19-Feb,2,54,2.15503E+12,486518,N.BAGUETTE,3.6,5.95,846.09
19-Feb,2,57,2E+12,357670,ORIENTAL SAUSAGE SANDWICH,6.9,15,17
19-Feb,2,57,2E+12,446201,PIZZA SLICE TUNA,8.65,17,1
19-Feb,2,54,2.15504E+12,486529,N.PANINI BREAD,2.25,4.95,2
19-Feb,2,54,2.15504E+12,486531,N.CROISSANT,4.1,5.95,583
19-Feb,2,50,2.11056E+12,389616,ABA ROASTED PECAN,476.941,724.95,0.406
19-Feb,2,54,2.15503E+12,486525,N.TOAST BROWN 500GR,9.4,13.95,15
19-Feb,2,56,2.17661E+12,32574,SPINACH,9.4,7,13.363
19-Feb,2,53,2.14416E+12,420097,SMALL MULLET FISH(4-5/PC),31,52.95,12.469
19-Feb,2,54,2.15536E+12,119221,LARGE FETEER,6.153,10.95,10
19-Feb,2,51,2.12258E+12,361286,SMOKED CHEESE NATURAL,150,184.95,5.791
19-Feb,2,51,2.12222E+12,432573,BERMJANO REGANO CHEESE,411,489.95,5.889
19-Feb,2,54,2.15504E+12,486532,N.CROISSANT MINI,69,99.95,5.578
19-Feb,2,54,2.15536E+12,41677,SHAMI WHITE X5,2.25,4.95,131
19-Feb,2,54,2.15542E+12,300337,BOUSOUMAT BROWN,8.852,39.95,0.985
19-Feb,2,56,2.17662E+12,398501,PUMPKIN HALLOWEEN,7,11.95,21.27
19-Feb,2,57,2E+12,442444,KARISH CHEESE SANDWICH,1.92,4,278
19-Feb,2,53,2.14453E+12,384714,DEFROSTED CLEAN SHRIMPS 30-40,182,209.95,2.812
19-Feb,2,50,2.11063E+12,483099,GRIND JAMBO CARDAMOM 1 KG,412.463,549.95,2.326
19-Feb,2,55,2.16569E+12,36818,CHAKALAMA BY KG,35,69.95,7.363
19-Feb,2,50,2.11051E+12,397854,ABA POTATO SPICES,60,80,5.318
19-Feb,2,56,2E+12,365350,THYME BALADY 100GR,6.75,6.95,17
19-Feb,2,55,2.16556E+12,35494,CHOCOLATE SWEET 10 PERSN,86.856,149.95,4
19-Feb,2,50,2.11005E+12,256217,SWISS MEAT BF LNCHON,56.38,69.95,0.068
19-Feb,2,56,8.888E+12,466176,ROCKET ARUGULA100GR,4,4.95,2
19-Feb,2,52,6.223E+12,337704,SHAHD CHICKEN LEGS 1KG 052,51.75,57.95,1088
19-Feb,2,50,2.11045E+12,389622,ABA TRAIL MIX,315.757,479.95,7.177
19-Feb,2,51,2.12254E+12,441328,KIRI CHEESE BLCK SEED,43,50.95,40.595
19-Feb,2,54,2.15501E+12,313529,LONG TRADITION 300GR,3.154,6.95,10
19-Feb,2,57,2E+12,357766,TEA WITH MILK,4.25,7,2
19-Feb,2,50,2.11035E+12,376757,OLIVETTA LEM MIX,17.715,24.95,13.292
19-Feb,2,51,2.12233E+12,447162,FARM-EDAM CHEESE,93,103.95,74.339
19-Feb,2,51,2.12239E+12,341119,CHEESA FLAVOR CHELI,78.65,85.95,9.673
19-Feb,2,50,2.11006E+12,318881,LHEMY PLAIN BF LNCHON,62,63.75,103.226
19-Feb,2,55,2.16592E+12,95344,MUFFIN X6,12.548,24.95,30
19-Feb,2,50,6.224E+12,307860,DATES SOFT 550G PVC EL TAHAN,25,31.95,30
19-Feb,2,50,2.11044E+12,483065,PISTACHIOS SMOKED FLAVOR,359.963,479.95,1.431
19-Feb,2,56,2E+12,272347,BASIL ITALIAN 100GR,7.4,7.95,1
19-Feb,2,52,2.13326E+12,281884,FAT,10,19.95,4.105
19-Feb,2,53,2.14401E+12,33836,TUNA FISH,30,44.95,33.409
19-Feb,2,52,6.223E+12,216149,KOKI LIVER-GIZZARD 500GR,18.5,20,98
19-Feb,2,52,2.13341E+12,426251,IM BEEF RIBS,105,136.95,25.544
19-Feb,2,54,2.15536E+12,139365,CIMIT BREAD 250 GR,3.6,5.95,90
19-Feb,2,52,2.1334E+12,426245,IM BEEF FILLET,135,179.95,18.05
19-Feb,2,57,2E+12,357763,FRENCH COFFEE,4.9,11,13
19-Feb,2,55,2.16593E+12,299519,CAKE POUND X2,26.558,49.95,43.919
19-Feb,2,55,2.16595E+12,299528,APPLE CRUMBLE CAKE,20.003,46.95,1
19-Feb,2,50,2.11035E+12,376756,OLIVETTA ONION MIX,24.815,34.95,12.103
19-Feb,2,51,2.12202E+12,301142,DOMTY TALAGA LOW SALT,31.5,39.95,105.52
19-Feb,2,50,6.224E+12,464413,DATES 600 GM-BET,25,31.95,8
19-Feb,2,56,6.22502E+12,485675,DATE BOX ECONOMY 700GR,18,21.95,24
19-Feb,2,52,6.223E+12,337698,SHAHD CHICKEN FILLET400GR,41.6,46.95,94
19-Feb,2,56,8.888E+12,32602,CABBAGE RED,7.25,11.95,56
19-Feb,2,50,2.11103E+12,330828,PASTA TUNA SALAD,12.231,16.95,2
19-Feb,2,50,2.11105E+12,31046,VERMICELLI RICE/KG,10,34.95,164.294
19-Feb,2,50,2.11057E+12,389634,ABA CRANBERRIES,302.599,459.95,0.34
19-Feb,2,50,2.11008E+12,318887,LHEMY OLIVE BF LNCHON,65,84.95,47.482
19-Feb,2,50,2.11103E+12,330826,SMOKED TURKEY SALAD,5.769,8.95,9
19-Feb,2,53,2.14402E+12,302770,FRESH SARDEN FISH,55,69.95,6.957
19-Feb,2,56,2E+12,365345,LEMON GRASS 100GR,6.5,6.75,11
19-Feb,2,50,2.1101E+12,318615,HALWANI BASTERMA,231,289.95,10.102
19-Feb,2,50,2.11036E+12,490141,OLIVETTA EUROPEAN ONIONS TASTE,35.465,49.95,9.45
19-Feb,2,50,2.1111E+12,399137,COOKING TURKEY/KG,9,15.25,30.121
19-Feb,2,55,2.16594E+12,299523,CAKE POUND SLICES,14.095,29.95,66.001
19-Feb,2,51,2.12234E+12,432586,HORECA BARRE CHEESE,266,329.95,2.641
19-Feb,2,52,2.13341E+12,297169,IM BEEF ROAST,107,143.95,20.738
19-Feb,2,50,2.11065E+12,483113,EGYPTION BLACK RAISINS,49.309,74.95,0.068
19-Feb,2,54,2E+12,404418,PACKET BOUKSOMAT SESAME LARGE,12.87,20,40
19-Feb,2,50,2.11107E+12,450396,MEATBALLS/KG,53.25,80.75,1.152
19-Feb,2,56,6.22201E+12,377135,TOMATO 1KG,7.5,9.75,26
19-Feb,2,57,2E+12,357768,TEA BREAKFAST,1.75,5,243
19-Feb,2,52,2.13301E+12,31780,CHICKEN DRUMSTICK/KG,53,58.95,1.612
19-Feb,2,55,6.22301E+12,496914,ETOILE HALWA MOLOD 46,114.474,150,18
19-Feb,2,50,2.11046E+12,389659,RED PEPPER,29.963,39.95,15.196
19-Feb,2,51,2.12248E+12,279632,CHEESA EDAM CHEESE,90,104.95,50.166
19-Feb,2,51,2.12254E+12,441327,KIRI CHEESE OLIVE,43,50.95,12.255
19-Feb,2,51,2.12207E+12,323517,MESH,23.5,29.95,9.066
19-Feb,2,50,2.11037E+12,490143,OLIVETTA MOROCCAN OLIVE MELTED,112.855,158.95,2.05
19-Feb,2,51,2.12202E+12,301143,DOMTY FETA,29.8,33.95,24.474
19-Feb,2,56,6.223E+12,423293,ZUCCHINI GRADE A 750GR,10.5,15.95,5
19-Feb,2,56,2.17646E+12,32767,A-RAISIN RED,42,52.95,77.205
19-Feb,2,50,2.11103E+12,30977,HOMMOS SALAD,9.88,13.95,3
19-Feb,2,53,2.14454E+12,319428,DEFROSTED SHRIMP 80-100,115,139.95,4.905
19-Feb,2,50,2.11109E+12,315880,QUARTER GRILLED CHICKEN,16.25,23.25,151
19-Feb,2,56,2.17668E+12,32765,A-ONION PICKLING,5.5,6.95,11.381
19-Feb,2,51,2.12249E+12,81538,FRICO GOUDA MAASDAM,125,149.95,11.282
19-Feb,2,55,2.16597E+12,448055,CHOCOLATE GOFRET BISCUIT,56,99.95,2.965
19-Feb,2,50,2.11058E+12,389650,PRETZELS ABA,29.963,39.95,3.308
19-Feb,2,56,8.02513E+12,481774,ISIS DATE WITH OUT STONE 250GR,12.5,16.95,48
19-Feb,2,53,2.14454E+12,319421,DEFR. SHRIMP 40-50,165,184.95,6.787
19-Feb,2,56,2E+12,430467,DILL 50GR,0.85,1.45,198
19-Feb,2,50,2.11048E+12,389714,STONE CORIANDER,28.463,37.95,7.844
19-Feb,2,57,2E+12,399171,PIZZA MUSHROOM STUFFED CRUST,8.4,19,3
19-Feb,2,50,2.11055E+12,389590,ABA ROASTED HAZELNUT,210.493,319.95,0.8
19-Feb,2,50,2.1105E+12,483586,JILI FRUIT DELIGHTS,36.151,54.95,3.71
19-Feb,2,50,2.11063E+12,483097,QUICK COOKING OATS KG,26.213,34.95,17.152
19-Feb,2,50,2.11049E+12,389716,CINNAMON STICKS,149.963,199.95,4.34
19-Feb,2,50,2.11034E+12,376750,OLIVETTA BOLIVEE,21.265,29.95,72.489
19-Feb,2,54,2.15502E+12,486513,N.MEDIUM FINO,0.95,1.3,2566
19-Feb,2,50,2.11036E+12,376767,OLIVETTA S M RED,16.295,22.95,23.037
19-Feb,2,56,2.17616E+12,32551,A- CANTALOUPE,13,14.95,63.698
19-Feb,2,55,2.16594E+12,299524,CAKE POUND PLAIN,12.871,20,145.197
19-Feb,2,57,2E+12,357129,ICE CREAM STRAWBERRY SAUCE,2.05,6,4
19-Feb,2,56,2E+12,32565,PINEAPPLE,45,47.95,52
19-Feb,2,53,2.14428E+12,51910,HERRING SUPER JUMBO KG,29,30,1021.793
19-Feb,2,56,8.888E+12,466183,FRENCH CELERY PCS,6,6.95,7
19-Feb,2,57,2E+12,442447,EGG SANDWICH,2.32,4,120
19-Feb,2,52,2.13341E+12,426252,IM BEEF RUMP,107,143.95,20.019
19-Feb,2,50,2.11105E+12,46818,ASSORTED STUFFED VEGETABLE/KG,29,46.45,71.187
19-Feb,2,57,2E+12,401389,COKE 400 ML,2.29,6,5
19-Feb,2,53,2.14454E+12,406186,DEFROSTED CLEAN SHRIMPS 40-60,180,199.95,5.572
19-Feb,2,50,6.224E+12,464414,DATES 300 GM-BET,13,16.95,19
19-Feb,2,50,2.11004E+12,457979,MERAI PLAIN BF LNCHON SANZANA,60,74.95,0.517
19-Feb,2,56,6.22201E+12,396109,LEMON BALADY 1KG,12.8,15.95,5
19-Feb,2,55,2.16553E+12,142762,PETIT CAKE 8,46.164,74.95,4
19-Feb,2,54,2.15503E+12,486519,N.BROWN BAGUETTE,4.25,6.95,145
19-Feb,2,50,2.11063E+12,483093,7-SPICES,56.213,74.95,16.672
19-Feb,2,55,2.16569E+12,35545,BASSBOUSSA BY KG,21.945,51.45,49.675
19-Feb,2,54,2.15505E+12,486512,N.BROWN LONG FINO,1.25,1.75,1878
19-Feb,2,53,2.14454E+12,319422,DEFR. SHRIMP 50-60,145,169.95,97.991
19-Feb,2,56,2.17639E+12,287170,A-KIWI BY KG,19.95,20,599.082
19-Feb,2,50,2.11004E+12,462272,ATYAB ROAST TURKEY,143,164.95,0.232
19-Feb,2,57,2E+12,361956,FREEZ KIWI DRINK 275,18.749,25,1
19-Feb,2,50,2.11098E+12,70509,STAFF MEAL 1/4CHK+RICE+VEG,20,11.95,879
19-Feb,2,52,2.13336E+12,426244,BAL WHOLE LAMB,127,149.95,2.375
19-Feb,2,50,2.11055E+12,389593,ABA PINE KERNELS,1249.967,1899.95,0.09
19-Feb,2,51,2.12251E+12,437277,GOAT CHEESE,270,324.95,4.068
19-Feb,2,50,2.1105E+12,389735,CRUSHED BEANS SAMO,19.463,25.95,7.392
19-Feb,2,56,2E+12,430466,CORIANDER 50GR,0.85,1.45,117
19-Feb,2,50,2.11036E+12,490137,OLIVETTA KLAMATA OLIVE SPARTA GREEK,113.564,159.95,16.237
19-Feb,2,54,2.15531E+12,295179,DONUTS ASSORTED X10,20.496,45,1
19-Feb,2,51,2.12271E+12,30588,HALAWA PLAIN,33,39.95,40.495
19-Feb,2,56,2E+12,444767,STRAWBERRY 250GR,5.45,6.95,24
19-Feb,2,56,2.17667E+12,499006,POTATO SWEET BEUROGARD,4.5,5.75,0.25
19-Feb,2,50,2.11104E+12,24776,TAHINA SALAD,3.469,6.95,55
19-Feb,2,53,2.14423E+12,314070,DEFR SALMON STEAK,256,289.95,4.579
19-Feb,2,50,2.11001E+12,318845,FRGLO PLAIN CHCKEN LNCHON,80.25,89.95,1.014
19-Feb,2,51,2.12235E+12,432593,KASHCAVAL COW CHEESE WITH RED PEPPE,259.25,324.95,0.375
19-Feb,2,55,2.16597E+12,448056,CHOCOLATE MIXED SPECIAL,54,89.95,0.86
19-Feb,2,56,2.17641E+12,208694,MANGO ANANAS,24.25,31.95,1.578
19-Feb,2,52,2.13329E+12,426170,BAL BEEF RUMP,127.79,157.95,7.771
19-Feb,2,56,6.224E+12,401238,MARJORAM 100GR,3,3.75,2
19-Feb,2,56,2.17667E+12,32750,A-POTATO FOR COOKING,7.9,9.95,441.112
19-Feb,2,54,2.15542E+12,300341,MINEN DATE KG,13.902,39.95,1.816
19-Feb,2,57,2E+12,442445,EGGPLANT SANDWICH,0.86,4,28
19-Feb,2,50,2.11053E+12,411109,SYRIAN THYME,37.463,49.95,18.684
19-Feb,2,53,2.14415E+12,33861,MEDIUM MULLET(3PC/K),45,59.95,2.385
19-Feb,2,50,2.11045E+12,389651,STONE BLACK PEPPER,74.963,99.95,20.888
19-Feb,2,50,2.11108E+12,104730,HOT DOG MEXICAN/KG,52,74.75,1.202
19-Feb,2,53,2.14422E+12,457947,DEFROSTED FILLET PINK FISH,49,59.95,0.814
19-Feb,2,54,2.15505E+12,486538,N.RAISIN ROLL,5.25,7.5,247
19-Feb,2,50,2.1103E+12,376712,OLIVETTA DOLCI,28.365,48.95,33.831
19-Feb,2,50,2.11035E+12,376755,OLIVETTA ONIONS,23.395,32.95,3.775
19-Feb,2,55,2E+12,459809,HALAWA ALMOLED CARTON 2 KG,64,80,2
19-Feb,2,52,6.223E+12,337702,SHAHD LIVER-GIZZARD 500GR,24.75,29.95,120
19-Feb,2,54,2.15507E+12,336644,BROWN MED FINO X10,5.329,12.95,3
19-Feb,2,56,2.17627E+12,32493,A- GRAPEFRUIT WHITE,4.5,6.95,40.204
19-Feb,2,51,2.12221E+12,30661,LADYBIRD DANABLUE,220,259.95,2.837
19-Feb,2,56,6.223E+12,285038,ORANGE NAVEL NET 3KG,15.75,21.95,1
19-Feb,2,54,2.15516E+12,421936,PATTON SALE,18.501,59.95,0.872
19-Feb,2,52,2.13321E+12,32335,BEEF KOFTA,82,100,31.278
19-Feb,2,50,6.224E+12,307861,DATES SOFT CHOCOLATE 250 G,20,24.95,16
19-Feb,2,56,2.17627E+12,32487,A- ORANGE NAVEL,3.45,3.33,2537.572
19-Feb,2,51,2.12216E+12,354784,CLEMNES BLUE CHEESE,161,194.95,3.812
19-Feb,2,53,2.14409E+12,399049,SARDINE DEFROSTED,18.5,20,14.53
19-Feb,2,54,2.15505E+12,334355,VIENNA MINI X5,3.921,7.95,1
19-Feb,2,53,2.14459E+12,457231,DEFROSTED FILLET RED FISH,48.5,59.95,4.909
19-Feb,2,54,2.15507E+12,291410,TOAST WHITE 500GR,5.114,12.95,49.293
19-Feb,2,57,2E+12,442446,EGG&BASTERMA SANDWICH,3.2,6,8
19-Feb,2,55,2.16581E+12,244299,VANILLA MOUSSE SMALL,7.75,14.95,51
19-Feb,2,53,2.14454E+12,319426,DEFR. SHRIMP 60-80,137,159.95,6.452
19-Feb,2,50,2.11051E+12,397852,ABA SHAMAR,26.213,34.95,3.993
19-Feb,2,55,2.16556E+12,358145,HEART CAKE BIG,103.751,199.95,1
19-Feb,2,57,2E+12,357132,ICE CREAM FRUIT,2.55,6,11
19-Feb,2,57,2E+12,447298,COFFEE WITH MILK,3.9,7,239
19-Feb,2,50,2.11105E+12,31037,STUFFED ZUCCHINI/KG,22.5,39.95,4.064
19-Feb,2,56,6.223E+12,287343,MAFA LEMON BANZHIR PUNNET 500GR,8.95,10.95,1
19-Feb,2,50,2.11053E+12,389576,ABA COCONUT,62.467,94.95,9.85
19-Feb,2,55,2.16596E+12,154762,MUFFIN X 2,3.654,9,277
19-Feb,2,55,2.16556E+12,371445,WHITE FOREST 10 PERSON,81.578,135.95,2
19-Feb,2,56,2.17637E+12,480211,EGYPTIAN BANANA PREMUIM,7.95,9.45,0.604
19-Feb,2,56,2E+12,443767,LATOGA GREEN,5.25,6.95,5
19-Feb,2,55,2E+12,360288,PACKET BISCUIT COFFEE,19.058,24.95,6
19-Feb,2,51,2.12235E+12,432595,KASHCAVALCOW CHEESE WITH CUMIN,259.25,324.95,0.224
19-Feb,2,56,2.17611E+12,450546,APPLE EUROPE PACKED,18.95,23.95,2.106
19-Feb,2,57,2E+12,401390,COKE 600 ML,3.283,8,1
19-Feb,2,50,2.11104E+12,30710,PIZZA CHICKEN HALF COOK,18.165,24.95,22
19-Feb,2,51,2.122E+12,381929,MORTA,32,29.95,6.841
19-Feb,2,54,2.15509E+12,494258,N.SMALL FETEER,5.95,7.95,152
19-Feb,2,50,2.11045E+12,389621,ABA MIX,407.862,619.95,1.509
19-Feb,2,52,6.224E+12,477969,SABEEL SHISH 700GR,61.75,72.95,9
19-Feb,2,50,2.11053E+12,411111,STARCH,11.963,15.95,13.977
19-Feb,2,56,2.17643E+12,479771,MANGO FRESH SLICES,27.7,38.95,3
19-Feb,2,56,2.17622E+12,397729,A-POMEGRANATE,8.25,9.95,249.695
19-Feb,2,51,2.12215E+12,301140,ROMY EXTRA CHEESE,88,96.95,50.833
19-Feb,2,56,2.17668E+12,32763,A- ONION GOLDEN,8.5,8.95,177.104
19-Feb,2,52,2.13311E+12,380640,WHOLE CHICKEN HERBS,52,57.95,29.757
19-Feb,2,55,2.16598E+12,299554,MERINGUE KG,29.999,80,121.252
19-Feb,2,56,6.22401E+12,429868,XP ICEBERG,2,3.45,36
19-Feb,2,56,2E+12,33241,CHARD 100GR,2.75,3.95,13
19-Feb,2,50,2.11106E+12,30962,FRENCH FRIES/PC,5,7.95,66
19-Feb,2,56,2E+12,430465,PARSLEY 50GR,0.75,1,283
19-Feb,2,51,2.12232E+12,243323,AVANTI CHILI CHEDDAR,86,98.95,0.258
19-Feb,2,51,2.12248E+12,81528,FRICO GOUDA CHEESE,120,144.95,20.476
19-Feb,2,56,2.17622E+12,230874,STRAWBERRY,9,10,16.7
19-Feb,2,51,2.12202E+12,301144,DOMTY SOFT ISTAMBOLY,30,33.95,7.335
19-Feb,2,50,2.11011E+12,318629,HALWANI BASTRAMI TRKEY SMOKED,138,160.95,3.972
19-Feb,2,50,2.11046E+12,389664,SHAWERMA SPICES,59.963,79.95,2.014
19-Feb,2,50,2.11051E+12,397847,ABA FANKOOSH,22.463,29.95,7.575
19-Feb,2,56,2.17611E+12,369185,A-APPLE RED,19.9,18.95,553.594
19-Feb,2,56,2E+12,32792,TOMATO PLUM,12,12.95,45
19-Feb,2,50,2.11061E+12,483076,WHITE ALOMDS 1 KG,263.125,399.95,0.072
19-Feb,2,51,2.12209E+12,345955,HALAYEB CHEESE ISTAMBOLY,21.21,29.95,4.125
19-Feb,2,57,2E+12,442451,MIX BREAKFAST SAND.,2.5,5,1165
19-Feb,2,54,2.155E+12,35389,BAGUETTE MINI X10,4.378,9.95,110.793
19-Feb,2,56,2.17662E+12,32640,A-TARO,7,8.95,68.461
19-Feb,2,50,2.11012E+12,294248,IMPORT TRKEY STRIPS SMOKED,260,294.95,0.039
19-Feb,2,56,2.17669E+12,307660,POTATO BABY NET 1KG,5.75,6.75,0.161
19-Feb,2,50,2.11077E+12,426791,COATED PEANUTS WITH KETCHUP FLAVOR0,36.035,51.95,0.063
19-Feb,2,50,2.11003E+12,454313,SMOKED CHICKEN BREAST TANDAORY,130,150.95,0.989
19-Feb,2,55,2E+12,338875,KAHK PLAIN 1KG VENUS,60.9,84.95,1
19-Feb,2,57,2E+12,357691,PIZZA MUSHROOM,6.668,15,1
19-Feb,2,50,2.11049E+12,389718,JUMBO CARDAMOM,412.463,549.95,1.87
19-Feb,2,50,2.11104E+12,351205,TOMEYA SALAD,5.343,8.95,3
19-Feb,2,57,2E+12,442449,MASH POTATO SANDWICH.,1.6,3,25
19-Feb,2,50,2.11047E+12,389665,FISH SPICES,59.963,79.95,8.815
19-Feb,2,51,2.12236E+12,437276,GOUDA CHEESE 051,130.001,164.95,27.205
19-Feb,2,52,6.223E+12,361005,RICH BEFF MINCE LOW FAT 450 GR,37.5,39.95,40
19-Feb,2,50,2.11047E+12,389670,POWDER GARLIC,41.213,54.95,24.439
19-Feb,2,54,2.15515E+12,336640,BROWN ROLL X5,2.215,5.45,111
19-Feb,2,53,2.14422E+12,33864,FILLET TILAPIA,90,99.95,17.238
19-Feb,2,56,6.22201E+12,287361,TOMATO CHERRY 250GR,6.75,9.95,17
19-Feb,2,55,2E+12,484553,ORANGE BISCUITS PACKET,17.05,24.95,1
19-Feb,2,57,2E+12,442443,FOUL SANDWICH,1.7,3,375
19-Feb,2,54,2.15536E+12,303212,FLAT BREAD 250 GR,2.25,6.95,47
19-Feb,2,50,2.11054E+12,389589,ABA HAZELNUT,180.888,274.95,2.733
19-Feb,2,52,2.13335E+12,426237,BAL LAMB SHOULDER,122,162.95,4.31
19-Feb,2,56,2.17637E+12,32567,A- BANANA IMPORTED LONG,25.5,25.5,306.024
19-Feb,2,51,2.12236E+12,432596,KASHCAVAL COW CHEESE WITH HERBS,259.25,324.95,0.614
19-Feb,2,52,6.224E+12,477967,SABEEL FILLET 1KG,86.5,94.95,110
19-Feb,2,55,6.22301E+12,496917,ETOILE HALWA MOLOD 47,160.263,210,27
19-Feb,2,57,2E+12,357755,EXPRESSO,5,10,9
19-Feb,2,55,2.16582E+12,244302,CREAM CARAMEL SMALL,5.98,12.95,4
19-Feb,2,56,8.888E+12,466181,CELERY CUTTING100GR,5,5.95,9
19-Feb,2,56,6.22401E+12,490238,NABAT BABY GREENS REMIX 125G,28.6,32.95,9
19-Feb,2,56,6.223E+12,169055,ISIS DATE W-STONE 900GR,47.5,59.95,18
19-Feb,2,56,2E+12,287830,FRISEE,7,7.95,5
19-Feb,2,56,6.224E+12,33258,ONION GOLDEN 5KG,38,42.95,3
19-Feb,2,56,6.22201E+12,32528,CAPSICUM MIXED 500GR,9.25,12.95,14
19-Feb,2,50,6.224E+12,390602,DATES WITH ALMOND 250 GM (KARTON),20,28.95,13
19-Feb,2,55,2.16551E+12,119649,PETIT CAKE X 4,20.511,34.95,89
19-Feb,2,55,2.16556E+12,35489,FRUIT CREAM 8 PERSONS,77.603,135.95,17
19-Feb,2,50,2.11054E+12,389582,ABA PRUNES,98.651,149.95,10.098
19-Feb,2,52,2.13313E+12,342100,CHICKEN LEG MARINATED,43,47.95,112.903
19-Feb,2,56,6.22401E+12,490234,NABAT KALE NERO 100G,26.7,31.95,2
19-Feb,2,57,2E+12,430478,ANISE HOT DRINK,2.2,7,4
19-Feb,2,56,6.22201E+12,32529,STRAWBERRY PACKE 750 GM,15,16.95,119
19-Feb,2,50,2.11052E+12,397858,ABA WHEAT ( BELEELA ),8.963,11.95,22.665
19-Feb,2,50,2.11099E+12,30966,QUARTER CHICKEN MEAL,21.053,31.95,412
19-Feb,2,50,2.11056E+12,389612,ABA CASHEW CHEESE FLAVOR,319.046,484.95,0.725
19-Feb,2,56,2.17647E+12,231183,A-DATE IRAQI,25,28.95,341.464
19-Feb,2,50,6.224E+12,464418,DATES KSA ROTHANA 500 GM,35,43.95,2
19-Feb,2,50,2.11059E+12,389740,SPECIAL BLEND COFFEE,146.213,194.95,2.901
19-Feb,2,50,2.11034E+12,376745,OLIVETTA MIXED OLI,35.465,49.95,0.64
19-Feb,2,54,2.15501E+12,291396,FRENCH DEJEUNETTE X4,4.378,9.95,36
19-Feb,2,55,2.1658E+12,150431,NOGA WITH NUTS,55,89.95,4.755
19-Feb,2,54,2E+12,360339,PACKET BOUKSOMAT BLACK SEED SMALL,7.508,9.95,11
19-Feb,2,57,2E+12,357666,CHICKEN FILLET GRILLED SAND,10.8,26,3
19-Feb,2,50,2.11056E+12,389606,ABA SESAME,44.963,59.95,11.217
19-Feb,2,51,2.12278E+12,443168,BLUE CHEESE,200,244.95,0.539
19-Feb,2,52,2.13348E+12,426171,BAL BEEF LIVER-KIDNEYS-HEART,117,156.95,7.577
19-Feb,2,56,2.17637E+12,458546,BANANA BALADY,5.95,6.25,1026.747
19-Feb,2,56,2E+12,439556,CELERY BALADY 100GR,3.25,3.75,38
19-Feb,2,55,2.1655E+12,308122,FRUIT TART X2,7.497,19.95,36
